latitude, longitude, datanum, time, pressure, altitude, temperature
44.231437, -76.613975, 1, 17:17:48, 321.50, 80.12, 32.44
44.231437, -76.613975, 2, 17:17:50, 320.75, 80.00, 32.56
44.231437, -76.613975, 3, 17:17:52, 319.25, 79.56, 32.69
44.231437, -76.613975, 4, 17:17:54, 317.00, 79.06, 32.81
44.231437, -76.613975, 5, 17:17:56, 315.50, 79.12, 32.94
44.231433, -76.613975, 6, 17:17:58, 317.00, 78.94, 33.06
44.231433, -76.613975, 7, 17:18:00, 315.75, 78.75, 33.13
44.231433, -76.613975, 8, 17:18:02, 317.00, 78.81, 33.19
44.231433, -76.613975, 9, 17:18:04, 319.00, 79.50, 33.31
44.231433, -76.613975, 10, 17:18:06, 318.00, 79.69, 33.38
44.231433, -76.613975, 11, 17:18:08, 318.75, 79.62, 33.44
44.231433, -76.613975, 12, 17:18:10, 319.50, 79.87, 33.50
44.231433, -76.613975, 13, 17:18:12, 320.75, 80.25, 33.56
44.231433, -76.613975, 14, 17:18:14, 321.25, 80.44, 33.63
44.231430, -76.613975, 15, 17:18:17, 321.25, 79.75, 33.75
44.231430, -76.613975, 16, 17:18:19, 319.25, 79.75, 33.94
44.231426, -76.613975, 17, 17:18:21, 319.50, 79.87, 34.06
44.231426, -76.613975, 18, 17:18:23, 320.25, 80.25, 34.19
44.231426, -76.613975, 19, 17:18:25, 318.75, 79.81, 34.31
44.231426, -76.613975, 20, 17:18:27, 317.75, 79.31, 34.38
44.231426, -76.613975, 21, 17:18:29, 317.00, 79.25, 34.50
44.231426, -76.613975, 22, 17:18:31, 316.50, 78.94, 34.63
44.231430, -76.613975, 23, 17:18:33, 316.50, 78.87, 34.75
44.231430, -76.613975, 24, 17:18:35, 315.50, 79.00, 34.81
44.231430, -76.613975, 25, 17:18:37, 316.00, 78.87, 34.81
44.231430, -76.613975, 26, 17:18:39, 315.50, 78.62, 34.88
44.231430, -76.613975, 27, 17:18:41, 315.50, 79.06, 35.00
44.231430, -76.613975, 28, 17:18:43, 317.00, 79.56, 34.94
44.231430, -76.613975, 29, 17:18:45, 317.25, 79.50, 34.94
44.231430, -76.613975, 30, 17:18:47, 318.25, 78.62, 34.94
44.231430, -76.613975, 31, 17:18:49, 311.00, 77.69, 35.00
44.231433, -76.613975, 32, 17:18:51, 311.75, 77.75, 35.13
44.231437, -76.613967, 33, 17:18:53, 314.50, 78.31, 35.13
44.231441, -76.613960, 34, 17:18:55, 314.50, 77.87, 35.25
44.231445, -76.613952, 35, 17:18:58, 311.00, 78.25, 35.31
44.231449, -76.613952, 36, 17:19:00, 315.75, 78.87, 35.31
44.231452, -76.613945, 37, 17:19:02, 315.50, 79.00, 35.38
44.231456, -76.613937, 38, 17:19:04, 315.50, 79.00, 35.44
44.231460, -76.613929, 39, 17:19:06, 316.25, 78.62, 35.50
44.231464, -76.613929, 40, 17:19:08, 312.50, 78.12, 35.56
44.231468, -76.613929, 41, 17:19:10, 311.50, 78.19, 35.69
44.231472, -76.613922, 42, 17:19:12, 314.50, 77.81, 35.75
44.231472, -76.613922, 43, 17:19:14, 309.50, 77.37, 35.88
44.231475, -76.613922, 44, 17:19:16, 311.00, 77.69, 35.94
44.231475, -76.613922, 45, 17:19:18, 314.50, 78.25, 36.06
44.231479, -76.613914, 46, 17:19:20, 314.25, 78.81, 36.13
44.231487, -76.613914, 47, 17:19:22, 317.00, 79.31, 36.13
44.231491, -76.613906, 48, 17:19:24, 317.50, 79.37, 36.19
44.231494, -76.613906, 49, 17:19:26, 318.00, 79.37, 36.31
44.231498, -76.613899, 50, 17:19:28, 315.00, 78.31, 36.44
44.231498, -76.613899, 51, 17:19:30, 313.50, 78.69, 36.56
44.231502, -76.613891, 52, 17:19:32, 314.75, 77.94, 36.69
44.231506, -76.613891, 53, 17:19:34, 313.00, 78.31, 36.75
44.231510, -76.613891, 54, 17:19:36, 312.75, 78.50, 36.88
44.231513, -76.613883, 55, 17:19:39, 314.50, 78.81, 36.94
44.231517, -76.613876, 56, 17:19:41, 312.75, 77.94, 36.94
44.231517, -76.613876, 57, 17:19:43, 310.00, 77.62, 37.06
44.231517, -76.613876, 58, 17:19:45, 311.00, 77.81, 37.13
44.231521, -76.613868, 59, 17:19:47, 313.00, 78.62, 37.13
44.231521, -76.613868, 60, 17:19:49, 315.25, 78.25, 37.25
44.231521, -76.613861, 61, 17:19:51, 311.50, 78.00, 37.38
44.231521, -76.613861, 62, 17:19:53, 314.00, 78.00, 37.50
44.231525, -76.613853, 63, 17:19:55, 310.00, 77.62, 37.56
44.231529, -76.613853, 64, 17:19:57, 309.50, 78.00, 37.63
44.231533, -76.613845, 65, 17:19:59, 311.00, 77.75, 37.69
44.231536, -76.613845, 66, 17:20:01, 312.75, 78.44, 37.75
44.231536, -76.613838, 67, 17:20:03, 312.50, 77.87, 37.81
44.231540, -76.613838, 68, 17:20:05, 308.75, 77.06, 37.81
44.231544, -76.613830, 69, 17:20:07, 308.25, 77.06, 37.88
44.231544, -76.613830, 70, 17:20:09, 307.00, 76.94, 38.00
44.231548, -76.613830, 71, 17:20:11, 309.00, 77.25, 38.00
44.231552, -76.613830, 72, 17:20:13, 307.75, 76.94, 38.13
44.231555, -76.613830, 73, 17:20:15, 310.00, 78.12, 38.25
44.231559, -76.613822, 74, 17:20:17, 315.75, 78.00, 38.31
44.231563, -76.613822, 75, 17:20:20, 311.50, 77.87, 38.44
44.231567, -76.613822, 76, 17:20:22, 313.00, 79.44, 38.50
44.231571, -76.613822, 77, 17:20:24, 320.75, 78.00, 38.63
44.231575, -76.613822, 78, 17:20:26, 314.50, 78.81, 38.69
44.231578, -76.613822, 79, 17:20:28, 317.00, 78.44, 38.75
44.231582, -76.613822, 80, 17:20:30, 311.75, 77.87, 38.81
44.231586, -76.613822, 81, 17:20:32, 311.50, 78.25, 38.88
44.231586, -76.613822, 82, 17:20:34, 313.50, 77.94, 39.00
44.231590, -76.613822, 83, 17:20:36, 312.00, 78.31, 39.06
44.231590, -76.613822, 84, 17:20:38, 313.50, 78.12, 39.19
44.231594, -76.613815, 85, 17:20:40, 313.75, 78.31, 39.31
44.231601, -76.613815, 86, 17:20:42, 312.25, 77.37, 39.38
44.231601, -76.613807, 87, 17:20:44, 310.00, 77.62, 39.50
44.231609, -76.613807, 88, 17:20:46, 309.00, 77.44, 39.56
44.231609, -76.613800, 89, 17:20:48, 309.25, 77.00, 39.69
44.231613, -76.613800, 90, 17:20:50, 305.75, 76.69, 39.81
44.231616, -76.613800, 91, 17:20:52, 308.50, 78.56, 39.88
44.231620, -76.613800, 92, 17:20:54, 313.25, 77.06, 40.00
44.231620, -76.613800, 93, 17:20:56, 312.00, 77.87, 40.13
44.231624, -76.613800, 94, 17:20:58, 311.50, 78.12, 40.19
44.231624, -76.613800, 95, 17:21:00, 308.25, 76.81, 40.31
44.231632, -76.613792, 96, 17:21:03, 307.00, 78.37, 40.44
44.231636, -76.613792, 97, 17:21:05, 310.00, 77.81, 40.56
44.231636, -76.613800, 98, 17:21:07, 312.00, 77.50, 40.69
44.231639, -76.613792, 99, 17:21:09, 307.25, 76.81, 40.75
44.231647, -76.613792, 100, 17:21:11, 308.75, 76.62, 40.88
44.231655, -76.613792, 101, 17:21:13, 306.75, 76.69, 41.00
44.231658, -76.613784, 102, 17:21:15, 306.00, 76.94, 41.06
44.231662, -76.613784, 103, 17:21:17, 305.75, 76.69, 41.19
44.231666, -76.613784, 104, 17:21:19, 305.25, 75.75, 41.25
44.231670, -76.613784, 105, 17:21:21, 304.50, 75.62, 41.38
44.231681, -76.613777, 106, 17:21:23, 304.25, 76.44, 41.44
44.231685, -76.613777, 107, 17:21:25, 305.75, 76.50, 41.56
44.231689, -76.613769, 108, 17:21:27, 302.75, 77.25, 41.63
44.231693, -76.613769, 109, 17:21:29, 301.25, 75.56, 41.75
44.231697, -76.613769, 110, 17:21:31, 301.75, 75.81, 41.81
44.231700, -76.613761, 111, 17:21:33, 302.75, 75.44, 41.88
44.231704, -76.613761, 112, 17:21:35, 302.75, 75.37, 42.00
44.231708, -76.613761, 113, 17:21:37, 301.75, 75.31, 42.06
44.231708, -76.613754, 114, 17:21:39, 302.75, 76.50, 42.13
44.231712, -76.613754, 115, 17:21:41, 307.75, 76.62, 42.25
44.231712, -76.613754, 116, 17:21:43, 302.75, 76.44, 42.31
44.231716, -76.613754, 117, 17:21:46, 309.25, 77.50, 42.38
44.231716, -76.613754, 118, 17:21:48, 310.50, 77.62, 42.44
44.231719, -76.613754, 119, 17:21:50, 310.00, 76.81, 42.50
44.231723, -76.613761, 120, 17:21:52, 307.25, 77.94, 42.56
44.231723, -76.613761, 121, 17:21:54, 307.25, 78.12, 42.63
44.231727, -76.613754, 122, 17:21:56, 311.25, 77.25, 42.69
44.231731, -76.613754, 123, 17:21:58, 312.50, 77.12, 42.81
44.231735, -76.613754, 124, 17:22:00, 307.50, 77.19, 42.88
44.231739, -76.613754, 125, 17:22:02, 309.50, 77.19, 42.94
44.231742, -76.613746, 126, 17:22:04, 310.25, 77.37, 43.00
44.231746, -76.613746, 127, 17:22:06, 308.25, 77.62, 43.06
44.231746, -76.613739, 128, 17:22:08, 310.25, 77.31, 43.13
44.231750, -76.613739, 129, 17:22:10, 308.50, 76.81, 43.19
44.231754, -76.613739, 130, 17:22:12, 306.75, 76.81, 43.19
44.231758, -76.613739, 131, 17:22:14, 309.50, 78.44, 43.25
44.231758, -76.613739, 132, 17:22:16, 307.75, 76.50, 43.31
44.231761, -76.613731, 133, 17:22:18, 305.25, 76.81, 43.38
44.231765, -76.613731, 134, 17:22:20, 311.75, 77.25, 43.44
44.231769, -76.613731, 135, 17:22:22, 307.00, 76.31, 43.44
44.231769, -76.613731, 136, 17:22:24, 305.50, 76.87, 43.50
44.231777, -76.613723, 137, 17:22:26, 308.25, 77.19, 43.56
44.231781, -76.613723, 138, 17:22:28, 306.75, 76.31, 43.56
44.231781, -76.613716, 139, 17:22:31, 305.75, 77.37, 43.63
44.231784, -76.613716, 140, 17:22:33, 311.75, 77.37, 43.63
44.231788, -76.613723, 141, 17:22:35, 309.00, 76.87, 43.69
44.231792, -76.613716, 142, 17:22:37, 306.75, 77.25, 43.75
44.231796, -76.613716, 143, 17:22:39, 309.00, 77.44, 43.75
44.231800, -76.613716, 144, 17:22:41, 306.75, 77.50, 43.69
44.231800, -76.613708, 145, 17:22:43, 308.00, 76.81, 43.81
44.231803, -76.613708, 146, 17:22:45, 307.00, 77.56, 43.88
44.231803, -76.613708, 147, 17:22:47, 308.75, 77.50, 43.88
44.231807, -76.613708, 148, 17:22:49, 309.75, 77.06, 43.94
44.231807, -76.613708, 149, 17:22:51, 307.75, 76.94, 44.00
44.231811, -76.613708, 150, 17:22:53, 307.25, 77.37, 44.06
44.231815, -76.613708, 151, 17:22:55, 309.00, 78.00, 43.88
44.231819, -76.613700, 152, 17:22:57, 312.00, 77.31, 43.94
44.231819, -76.613693, 153, 17:22:59, 307.75, 76.44, 44.00
44.231822, -76.613693, 154, 17:23:01, 306.75, 76.31, 44.06
44.231826, -76.613693, 155, 17:23:03, 309.25, 76.50, 44.19
44.231826, -76.613685, 156, 17:23:05, 306.75, 76.44, 44.25
44.231830, -76.613685, 157, 17:23:07, 306.50, 77.06, 44.31
44.231834, -76.613685, 158, 17:23:09, 309.50, 76.94, 44.31
44.231838, -76.613677, 159, 17:23:11, 308.00, 76.69, 44.25
44.231842, -76.613677, 160, 17:23:14, 307.25, 76.62, 44.25
44.231845, -76.613670, 161, 17:23:16, 305.75, 76.62, 44.38
44.231845, -76.613670, 162, 17:23:18, 305.00, 76.37, 44.44
44.231849, -76.613670, 163, 17:23:20, 304.75, 78.37, 44.50
44.231853, -76.613670, 164, 17:23:22, 306.00, 76.12, 44.50
44.231857, -76.613662, 165, 17:23:24, 303.50, 75.69, 44.56
44.231861, -76.613662, 166, 17:23:26, 304.50, 76.81, 44.44
44.231864, -76.613655, 167, 17:23:28, 309.25, 76.75, 44.44
44.231864, -76.613647, 168, 17:23:30, 304.50, 75.87, 44.56
44.231868, -76.613647, 169, 17:23:32, 304.00, 76.12, 44.56
44.231872, -76.613647, 170, 17:23:34, 304.75, 76.00, 44.56
44.231872, -76.613647, 171, 17:23:36, 304.50, 75.81, 44.56
44.231876, -76.613639, 172, 17:23:38, 302.25, 75.25, 44.63
44.231880, -76.613639, 173, 17:23:40, 303.50, 76.25, 44.63
44.231880, -76.613639, 174, 17:23:42, 306.25, 76.37, 44.69
44.231884, -76.613639, 175, 17:23:44, 301.25, 75.44, 44.75
44.231887, -76.613639, 176, 17:23:46, 302.00, 78.25, 44.75
44.231891, -76.613639, 177, 17:23:48, 304.75, 75.75, 44.81
44.231895, -76.613639, 178, 17:23:50, 300.75, 76.50, 44.75
44.231895, -76.613632, 179, 17:23:52, 303.50, 75.44, 44.81
44.231899, -76.613639, 180, 17:23:54, 306.25, 75.87, 44.88
44.231903, -76.613639, 181, 17:23:57, 310.00, 75.56, 44.94
44.231906, -76.613632, 182, 17:23:59, 303.00, 76.75, 45.00
44.231910, -76.613639, 183, 17:24:01, 306.50, 75.19, 45.06
44.231914, -76.613632, 184, 17:24:03, 306.00, 75.62, 45.06
44.231918, -76.613632, 185, 17:24:05, 303.50, 76.25, 45.13
44.231922, -76.613632, 186, 17:24:07, 304.25, 75.31, 45.19
44.231925, -76.613632, 187, 17:24:09, 300.50, 75.31, 45.19
44.231929, -76.613624, 188, 17:24:11, 302.75, 76.69, 45.06
44.231933, -76.613624, 189, 17:24:13, 304.75, 75.37, 45.13
44.231933, -76.613616, 190, 17:24:15, 301.75, 75.19, 45.19
44.231937, -76.613616, 191, 17:24:17, 301.75, 75.69, 45.13
44.231941, -76.613616, 192, 17:24:19, 300.00, 75.81, 45.13
44.231945, -76.613609, 193, 17:24:21, 310.00, 75.81, 45.19
44.231948, -76.613609, 194, 17:24:23, 300.75, 75.19, 45.13
44.231952, -76.613609, 195, 17:24:25, 301.50, 75.50, 45.13
44.231956, -76.613601, 196, 17:24:27, 305.25, 76.94, 45.13
44.231960, -76.613601, 197, 17:24:29, 302.75, 75.44, 45.06
44.231964, -76.613601, 198, 17:24:31, 301.25, 75.56, 45.06
44.231964, -76.613601, 199, 17:24:33, 301.75, 76.19, 44.94
44.231967, -76.613594, 200, 17:24:35, 301.50, 75.19, 44.88
44.231971, -76.613594, 201, 17:24:37, 299.50, 75.00, 44.88
44.231975, -76.613586, 202, 17:24:39, 300.25, 75.81, 44.88
44.231979, -76.613586, 203, 17:24:42, 304.25, 75.75, 44.94
44.231983, -76.613586, 204, 17:24:44, 301.75, 75.31, 44.88
44.231983, -76.613578, 205, 17:24:46, 301.75, 75.62, 44.94
44.231986, -76.613578, 206, 17:24:48, 304.75, 76.31, 44.88
44.231990, -76.613571, 207, 17:24:50, 305.00, 76.31, 44.81
44.231994, -76.613563, 208, 17:24:52, 302.00, 75.56, 44.75
44.231994, -76.613563, 209, 17:24:54, 302.25, 75.50, 44.75
44.231994, -76.613555, 210, 17:24:56, 301.50, 75.81, 44.75
44.231998, -76.613555, 211, 17:24:58, 304.75, 75.19, 44.81
44.232002, -76.613555, 212, 17:25:00, 301.50, 75.56, 44.88
44.232006, -76.613548, 213, 17:25:02, 301.50, 75.19, 44.88
44.232009, -76.613548, 214, 17:25:04, 299.75, 75.06, 44.94
44.232009, -76.613548, 215, 17:25:06, 300.25, 75.44, 44.94
44.232013, -76.613540, 216, 17:25:08, 301.75, 75.69, 44.88
44.232021, -76.613540, 217, 17:25:10, 304.25, 76.06, 44.88
44.232021, -76.613533, 218, 17:25:12, 302.00, 75.50, 44.94
44.232021, -76.613533, 219, 17:25:14, 303.00, 76.00, 44.81
44.232021, -76.613540, 220, 17:25:16, 304.50, 76.06, 44.69
44.232021, -76.613540, 221, 17:25:18, 304.75, 76.19, 44.69
44.232021, -76.613540, 222, 17:25:20, 305.75, 76.19, 44.69
44.232021, -76.613540, 223, 17:25:22, 304.75, 76.06, 44.69
44.232021, -76.613540, 224, 17:25:25, 298.00, 76.06, 44.69
44.232021, -76.613540, 225, 17:25:27, 303.50, 76.00, 44.63
44.232021, -76.613540, 226, 17:25:29, 302.75, 75.44, 44.44
44.232021, -76.613540, 227, 17:25:31, 299.75, 78.44, 44.19
44.232025, -76.613540, 228, 17:25:33, 310.50, 77.44, 44.31
44.232021, -76.613540, 229, 17:25:35, 299.00, 74.50, 44.25
44.232021, -76.613540, 230, 17:25:37, 295.75, 73.75, 44.19
44.232021, -76.613533, 231, 17:25:39, 295.00, 73.94, 44.00
44.232021, -76.613533, 232, 17:25:41, 295.50, 73.81, 43.88
44.232021, -76.613533, 233, 17:25:43, 295.50, 73.75, 43.75
44.232021, -76.613533, 234, 17:25:45, 295.50, 73.62, 43.69
44.232021, -76.613533, 235, 17:25:47, 294.50, 76.44, 43.56
44.232025, -76.613533, 236, 17:25:49, 307.75, 77.06, 43.50
44.232025, -76.613533, 237, 17:25:51, 308.25, 77.19, 43.44
44.232025, -76.613533, 238, 17:25:53, 309.50, 77.56, 43.44
44.232028, -76.613540, 239, 17:25:55, 310.00, 77.25, 43.50
44.232032, -76.613540, 240, 17:25:57, 308.00, 77.00, 43.50
44.232032, -76.613540, 241, 17:25:59, 308.50, 77.19, 43.50
44.232036, -76.613540, 242, 17:26:01, 309.00, 77.25, 43.56
44.232036, -76.613540, 243, 17:26:03, 309.00, 77.12, 43.50
44.232036, -76.613540, 244, 17:26:05, 309.00, 77.25, 43.50
44.232040, -76.613540, 245, 17:26:08, 308.75, 76.81, 43.56
44.232036, -76.613540, 246, 17:26:08, 307.75, 76.94, 43.44
44.232040, -76.613540, 247, 17:26:10, 308.00, 77.12, 43.44
44.232040, -76.613540, 248, 17:26:12, 307.75, 77.25, 43.44
44.232040, -76.613540, 249, 17:26:14, 309.75, 76.94, 43.50
44.232040, -76.613540, 250, 17:26:16, 308.75, 77.25, 43.50
44.232040, -76.613540, 251, 17:26:18, 309.25, 77.00, 43.56
44.232036, -76.613540, 252, 17:26:20, 306.75, 77.06, 43.50
44.232036, -76.613540, 253, 17:26:22, 305.25, 77.06, 43.44
44.232036, -76.613540, 254, 17:26:24, 307.25, 76.81, 43.50
44.232036, -76.613540, 255, 17:26:26, 311.00, 77.37, 43.50
44.232036, -76.613540, 256, 17:26:28, 306.75, 77.37, 43.44
44.232032, -76.613540, 257, 17:26:30, 312.75, 77.69, 43.25
44.232028, -76.613540, 258, 17:26:32, 313.50, 78.50, 43.00
44.232025, -76.613540, 259, 17:26:34, 315.00, 79.19, 42.81
44.232021, -76.613540, 260, 17:26:36, 315.50, 78.62, 42.75
44.232017, -76.613533, 261, 17:26:38, 314.25, 78.19, 42.75
44.232009, -76.613533, 262, 17:26:40, 312.50, 78.56, 42.56
44.232006, -76.613525, 263, 17:26:42, 314.50, 77.62, 42.44
44.231998, -76.613525, 264, 17:26:44, 310.25, 77.31, 42.38
44.231994, -76.613525, 265, 17:26:46, 311.00, 78.19, 42.44
44.231990, -76.613517, 266, 17:26:48, 311.50, 77.75, 42.44
44.231986, -76.613510, 267, 17:26:51, 310.50, 77.44, 42.50
44.231983, -76.613510, 268, 17:26:53, 309.50, 77.50, 42.44
44.231983, -76.613510, 269, 17:26:55, 310.50, 77.56, 42.50
44.231983, -76.613510, 270, 17:26:57, 312.00, 77.94, 42.31
44.231983, -76.613510, 271, 17:26:59, 311.00, 77.44, 42.31
44.231983, -76.613510, 272, 17:27:01, 310.75, 77.50, 42.38
44.231983, -76.613510, 273, 17:27:03, 309.00, 74.31, 42.44
44.231983, -76.613510, 274, 17:27:05, 293.75, 73.69, 42.44
44.231983, -76.613510, 275, 17:27:07, 295.00, 73.75, 42.44
44.231983, -76.613510, 276, 17:27:09, 294.25, 73.87, 42.44
44.231983, -76.613510, 277, 17:27:11, 295.50, 73.94, 42.38
44.231983, -76.613510, 278, 17:27:13, 295.75, 73.87, 42.38
44.231983, -76.613510, 279, 17:27:15, 298.50, 74.12, 42.31
44.231986, -76.613510, 280, 17:27:17, 296.50, 74.44, 42.25
44.231986, -76.613510, 281, 17:27:19, 297.75, 74.25, 42.25
44.231986, -76.613510, 282, 17:27:21, 297.50, 73.94, 42.25
44.231990, -76.613510, 283, 17:27:23, 296.75, 74.00, 42.19
44.231990, -76.613510, 284, 17:27:25, 296.25, 74.06, 42.19
44.231986, -76.613502, 285, 17:27:27, 297.25, 74.31, 42.13
44.231986, -76.613502, 286, 17:27:29, 297.00, 74.12, 42.06
44.231986, -76.613502, 287, 17:27:31, 296.50, 74.31, 42.06
44.231986, -76.613502, 288, 17:27:34, 296.50, 74.25, 42.00
44.231986, -76.613502, 289, 17:27:36, 297.00, 74.12, 42.00
44.231986, -76.613502, 290, 17:27:38, 297.50, 74.44, 42.00
44.231986, -76.613502, 291, 17:27:40, 297.00, 74.19, 41.94
44.231986, -76.613502, 292, 17:27:42, 297.75, 74.12, 41.88
44.231986, -76.613502, 293, 17:27:44, 297.75, 74.12, 41.88
44.231986, -76.613502, 294, 17:27:46, 297.25, 73.94, 41.81
44.231990, -76.613502, 295, 17:27:48, 295.00, 74.19, 41.81
44.231990, -76.613502, 296, 17:27:50, 295.50, 73.69, 41.75
44.231990, -76.613502, 297, 17:27:52, 293.25, 74.87, 41.75
44.231990, -76.613510, 298, 17:27:54, 304.25, 75.87, 41.75
44.231986, -76.613510, 299, 17:27:56, 304.00, 75.69, 41.75
44.231986, -76.613510, 300, 17:27:58, 305.50, 76.19, 41.75
44.231983, -76.613510, 301, 17:28:00, 305.25, 76.94, 41.75
44.231979, -76.613510, 302, 17:28:02, 309.25, 76.56, 41.81
44.231979, -76.613510, 303, 17:28:04, 307.50, 76.94, 41.81
44.231979, -76.613502, 304, 17:28:06, 306.75, 75.69, 41.81
44.231979, -76.613502, 305, 17:28:08, 301.25, 74.25, 41.81
44.231979, -76.613494, 306, 17:28:10, 299.00, 74.81, 41.69
44.231979, -76.613494, 307, 17:28:12, 297.75, 75.56, 41.81
44.231983, -76.613494, 308, 17:28:14, 304.75, 76.75, 41.94
44.231983, -76.613502, 309, 17:28:17, 308.00, 75.37, 42.00
44.231983, -76.613502, 310, 17:28:19, 302.25, 75.81, 42.00
44.231983, -76.613502, 311, 17:28:21, 302.25, 76.19, 42.06
44.231979, -76.613510, 312, 17:28:23, 297.50, 73.56, 42.13
44.231979, -76.613510, 313, 17:28:25, 293.75, 73.31, 42.13
44.231983, -76.613510, 314, 17:28:27, 300.25, 75.12, 42.06
44.231983, -76.613517, 315, 17:28:29, 303.50, 75.81, 42.00
44.231979, -76.613517, 316, 17:28:31, 305.25, 75.44, 42.06
44.231975, -76.613517, 317, 17:28:33, 305.25, 76.00, 42.00
44.231971, -76.613517, 318, 17:28:35, 304.75, 76.00, 42.00
44.231967, -76.613517, 319, 17:28:37, 304.25, 76.31, 42.06
44.231964, -76.613517, 320, 17:28:39, 303.25, 76.31, 42.06
44.231960, -76.613517, 321, 17:28:41, 303.75, 76.69, 41.94
44.231956, -76.613517, 322, 17:28:43, 309.50, 77.75, 41.69
44.231956, -76.613517, 323, 17:28:45, 309.50, 77.75, 41.69
44.231956, -76.613510, 324, 17:28:47, 309.25, 77.06, 41.75
44.231956, -76.613510, 325, 17:28:49, 305.00, 75.56, 41.94
44.231956, -76.613510, 326, 17:28:51, 300.25, 74.50, 42.00
44.231956, -76.613502, 327, 17:28:53, 307.50, 77.50, 42.06
44.231960, -76.613502, 328, 17:28:55, 299.25, 75.19, 42.19
44.231960, -76.613502, 329, 17:28:57, 303.75, 76.81, 42.25
44.231964, -76.613510, 330, 17:29:00, 300.25, 74.69, 42.31
44.231964, -76.613510, 331, 17:29:02, 301.25, 75.87, 42.38
44.231964, -76.613517, 332, 17:29:04, 299.50, 73.12, 42.38
44.231960, -76.613517, 333, 17:29:06, 292.50, 75.44, 42.38
44.231960, -76.613525, 334, 17:29:08, 303.25, 76.44, 42.38
44.231956, -76.613525, 335, 17:29:10, 305.00, 76.94, 42.44
44.231952, -76.613525, 336, 17:29:12, 304.75, 76.25, 42.44
44.231948, -76.613525, 337, 17:29:14, 305.50, 76.81, 42.50
44.231945, -76.613525, 338, 17:29:16, 306.25, 76.19, 42.50
44.231945, -76.613525, 339, 17:29:18, 308.75, 77.37, 42.44
44.231941, -76.613525, 340, 17:29:20, 311.00, 77.25, 42.38
44.231941, -76.613517, 341, 17:29:22, 310.00, 77.81, 42.50
44.231941, -76.613517, 342, 17:29:24, 308.75, 77.00, 42.56
44.231941, -76.613517, 343, 17:29:26, 308.50, 76.06, 42.56
44.231941, -76.613510, 344, 17:29:28, 302.75, 74.75, 42.56
44.231941, -76.613510, 345, 17:29:30, 299.50, 75.56, 42.63
44.231945, -76.613510, 346, 17:29:32, 302.25, 75.69, 42.69
44.231945, -76.613510, 347, 17:29:34, 305.25, 76.69, 42.81
44.231948, -76.613510, 348, 17:29:36, 310.50, 77.87, 42.94
44.231952, -76.613517, 349, 17:29:38, 304.75, 77.19, 42.94
44.231952, -76.613517, 350, 17:29:40, 307.25, 77.50, 42.94
44.231948, -76.613525, 351, 17:29:43, 298.50, 74.81, 42.94
44.231948, -76.613525, 352, 17:29:45, 297.75, 76.56, 42.94
44.231945, -76.613525, 353, 17:29:47, 310.00, 76.81, 42.88
44.231945, -76.613525, 354, 17:29:49, 309.75, 77.37, 42.81
44.231945, -76.613525, 355, 17:29:51, 308.00, 77.50, 42.75
44.231941, -76.613525, 356, 17:29:53, 310.50, 77.50, 42.63
44.231941, -76.613525, 357, 17:29:55, 309.25, 77.75, 42.63
44.231941, -76.613517, 358, 17:29:57, 309.00, 77.12, 42.50
44.231941, -76.613517, 359, 17:29:59, 307.50, 76.31, 42.31
44.231941, -76.613510, 360, 17:30:01, 300.25, 75.06, 42.19
44.231945, -76.613510, 361, 17:30:03, 304.00, 76.06, 42.25
44.231945, -76.613510, 362, 17:30:05, 299.75, 75.50, 42.44
44.231948, -76.613510, 363, 17:30:07, 304.25, 77.00, 42.56
44.231952, -76.613510, 364, 17:30:09, 309.75, 77.44, 42.56
44.231952, -76.613517, 365, 17:30:11, 296.00, 76.12, 42.69
44.231952, -76.613517, 366, 17:30:13, 305.75, 76.00, 42.69
44.231952, -76.613517, 367, 17:30:15, 303.25, 76.06, 42.75
44.231952, -76.613517, 368, 17:30:17, 305.50, 76.25, 42.75
44.231952, -76.613517, 369, 17:30:19, 305.50, 76.50, 42.81
44.231952, -76.613525, 370, 17:30:21, 306.75, 76.62, 42.88
44.231952, -76.613525, 371, 17:30:23, 305.75, 76.37, 42.88
44.231952, -76.613517, 372, 17:30:26, 307.00, 76.50, 42.94
44.231952, -76.613525, 373, 17:30:28, 306.50, 76.50, 42.94
44.231952, -76.613525, 374, 17:30:30, 304.50, 76.56, 43.00
44.231952, -76.613517, 375, 17:30:32, 306.25, 76.31, 43.00
44.231952, -76.613517, 376, 17:30:34, 305.25, 76.31, 43.06
44.231952, -76.613517, 377, 17:30:36, 305.75, 76.69, 43.06
44.231956, -76.613517, 378, 17:30:38, 306.75, 76.75, 43.06
44.231956, -76.613517, 379, 17:30:40, 307.50, 76.06, 43.13
44.231956, -76.613517, 380, 17:30:42, 304.00, 76.19, 43.13
44.231956, -76.613517, 381, 17:30:44, 303.50, 75.62, 43.19
44.231956, -76.613517, 382, 17:30:46, 302.50, 75.62, 43.19
44.231956, -76.613517, 383, 17:30:48, 302.25, 75.25, 43.25
44.231956, -76.613517, 384, 17:30:50, 300.75, 75.19, 43.25
44.231952, -76.613510, 385, 17:30:52, 301.25, 75.19, 43.31
44.231952, -76.613510, 386, 17:30:54, 300.25, 74.81, 43.31
44.231952, -76.613510, 387, 17:30:56, 300.25, 75.00, 43.38
44.231952, -76.613510, 388, 17:30:58, 300.75, 74.81, 43.38
44.231952, -76.613510, 389, 17:31:00, 299.00, 74.69, 43.44
44.231956, -76.613517, 390, 17:31:02, 299.25, 74.50, 43.44
44.231956, -76.613517, 391, 17:31:04, 298.25, 74.75, 43.50
44.231960, -76.613517, 392, 17:31:06, 299.00, 74.62, 43.50
44.231960, -76.613517, 393, 17:31:08, 298.75, 74.81, 43.56
44.231964, -76.613525, 394, 17:31:11, 299.00, 75.19, 43.50
44.231964, -76.613525, 395, 17:31:13, 299.00, 75.12, 43.56
44.231964, -76.613517, 396, 17:31:15, 299.75, 74.69, 43.63
44.231964, -76.613517, 397, 17:31:17, 299.25, 74.62, 43.63
44.231964, -76.613517, 398, 17:31:19, 299.00, 74.56, 43.63
44.231964, -76.613517, 399, 17:31:21, 296.50, 74.56, 43.63
44.231964, -76.613517, 400, 17:31:23, 298.00, 74.12, 43.69
44.231967, -76.613517, 401, 17:31:25, 298.25, 74.56, 43.63
44.231964, -76.613517, 402, 17:31:27, 299.50, 75.19, 43.63
44.231967, -76.613517, 403, 17:31:29, 299.50, 75.37, 43.69
44.231967, -76.613517, 404, 17:31:31, 300.50, 75.19, 43.69
44.231967, -76.613517, 405, 17:31:33, 299.75, 74.94, 43.63
44.231967, -76.613517, 406, 17:31:35, 301.00, 75.19, 43.63
44.231967, -76.613517, 407, 17:31:37, 299.75, 74.87, 43.63
44.231967, -76.613517, 408, 17:31:39, 300.25, 74.69, 43.63
44.231967, -76.613517, 409, 17:31:41, 298.75, 74.87, 43.69
44.231967, -76.613517, 410, 17:31:43, 299.50, 74.94, 43.63
44.231967, -76.613510, 411, 17:31:45, 300.50, 74.81, 43.56
44.231967, -76.613510, 412, 17:31:47, 299.25, 74.94, 43.50
44.231967, -76.613510, 413, 17:31:49, 299.25, 75.00, 43.50
44.231967, -76.613510, 414, 17:31:51, 299.25, 74.69, 43.50
44.231964, -76.613510, 415, 17:31:54, 298.00, 74.69, 43.56
44.231960, -76.613510, 416, 17:31:56, 298.25, 74.56, 43.63
44.231960, -76.613502, 417, 17:31:58, 297.75, 74.50, 43.63
44.231960, -76.613502, 418, 17:32:00, 298.75, 74.69, 43.63
44.231960, -76.613502, 419, 17:32:02, 297.75, 74.69, 43.69
44.231956, -76.613502, 420, 17:32:04, 299.75, 74.69, 43.69
44.231956, -76.613510, 421, 17:32:06, 299.25, 74.87, 43.63
44.231956, -76.613510, 422, 17:32:08, 299.75, 74.81, 43.69
44.231956, -76.613510, 423, 17:32:10, 299.50, 74.81, 43.69
44.231952, -76.613510, 424, 17:32:12, 299.00, 74.75, 43.75
44.231952, -76.613510, 425, 17:32:14, 299.50, 74.94, 43.69
44.231952, -76.613510, 426, 17:32:16, 299.50, 74.94, 43.75
44.231952, -76.613510, 427, 17:32:18, 299.75, 74.69, 43.75
44.231952, -76.613510, 428, 17:32:20, 300.25, 74.94, 43.81
44.231956, -76.613510, 429, 17:32:22, 299.50, 75.00, 43.81
44.231956, -76.613510, 430, 17:32:24, 300.75, 75.06, 43.81
44.231956, -76.613510, 431, 17:32:26, 300.25, 75.06, 43.81
44.231956, -76.613510, 432, 17:32:28, 299.25, 74.75, 43.81
44.231956, -76.613510, 433, 17:32:30, 300.25, 74.56, 43.88
44.231956, -76.613510, 434, 17:32:32, 298.50, 74.81, 43.88
44.231956, -76.613510, 435, 17:32:34, 298.25, 74.81, 43.88
44.231956, -76.613510, 436, 17:32:36, 298.75, 74.69, 43.88
44.231956, -76.613510, 437, 17:32:39, 298.00, 74.44, 43.94
44.231956, -76.613510, 438, 17:32:41, 298.75, 75.00, 43.88
44.231956, -76.613510, 439, 17:32:43, 300.50, 75.06, 43.88
44.231960, -76.613510, 440, 17:32:45, 301.25, 74.94, 43.81
44.231960, -76.613510, 441, 17:32:47, 300.25, 75.12, 43.81
44.231960, -76.613510, 442, 17:32:49, 299.75, 74.81, 43.88
44.231964, -76.613510, 443, 17:32:51, 300.25, 74.94, 43.88
44.231964, -76.613510, 444, 17:32:53, 301.75, 75.31, 43.88
44.231964, -76.613510, 445, 17:32:55, 300.25, 74.87, 43.88
44.231964, -76.613510, 446, 17:32:57, 299.25, 74.94, 43.94
44.231964, -76.613510, 447, 17:32:59, 298.75, 74.62, 43.94
44.231964, -76.613510, 448, 17:33:01, 299.75, 74.81, 43.88
44.231964, -76.613517, 449, 17:33:03, 298.50, 74.50, 43.94
44.231964, -76.613517, 450, 17:33:05, 298.50, 74.81, 43.94
44.231964, -76.613517, 451, 17:33:07, 299.00, 74.94, 43.94
44.231964, -76.613510, 452, 17:33:09, 300.50, 74.94, 43.94
44.231964, -76.613510, 453, 17:33:11, 299.00, 75.12, 43.94
44.231964, -76.613510, 454, 17:33:13, 301.50, 75.56, 43.94
44.231964, -76.613510, 455, 17:33:15, 301.25, 75.44, 43.88
44.231964, -76.613510, 456, 17:33:17, 302.00, 75.25, 43.88
44.231964, -76.613510, 457, 17:33:19, 301.25, 75.31, 43.81
44.231964, -76.613510, 458, 17:33:22, 300.75, 75.19, 43.81
44.231964, -76.613510, 459, 17:33:24, 300.25, 75.19, 43.75
44.231964, -76.613510, 460, 17:33:26, 298.75, 74.56, 43.75
44.231964, -76.613510, 461, 17:33:28, 298.75, 74.56, 43.69
44.231964, -76.613510, 462, 17:33:30, 298.25, 74.31, 43.69
44.231964, -76.613510, 463, 17:33:32, 298.75, 74.19, 43.69
44.231964, -76.613510, 464, 17:33:34, 297.75, 74.56, 43.69
44.231964, -76.613510, 465, 17:33:36, 298.50, 74.50, 43.75
44.231960, -76.613510, 466, 17:33:38, 298.75, 74.50, 43.75
44.231960, -76.613502, 467, 17:33:40, 297.75, 74.44, 43.75
44.231960, -76.613502, 468, 17:33:42, 298.75, 74.56, 43.81
44.231960, -76.613502, 469, 17:33:44, 299.25, 74.44, 43.81
44.231960, -76.613502, 470, 17:33:46, 298.50, 74.37, 43.81
44.231960, -76.613502, 471, 17:33:48, 297.25, 74.56, 43.81
44.231960, -76.613510, 472, 17:33:50, 298.75, 74.56, 43.81
44.231960, -76.613510, 473, 17:33:52, 297.50, 74.69, 43.81
44.231960, -76.613510, 474, 17:33:54, 298.75, 74.56, 43.81
44.231960, -76.613510, 475, 17:33:56, 299.25, 74.56, 43.88
44.231960, -76.613510, 476, 17:33:58, 298.50, 74.56, 43.88
44.231960, -76.613510, 477, 17:34:00, 297.75, 74.69, 43.88
44.231960, -76.613510, 478, 17:34:02, 299.25, 74.44, 43.81
44.231960, -76.613510, 479, 17:34:04, 297.00, 74.62, 43.88
44.231960, -76.613517, 480, 17:34:07, 297.75, 74.37, 43.94
44.231956, -76.613517, 481, 17:34:09, 297.50, 74.69, 43.94
44.231956, -76.613517, 482, 17:34:11, 297.75, 74.69, 43.94
44.231956, -76.613517, 483, 17:34:13, 298.25, 74.50, 43.94
44.231956, -76.613517, 484, 17:34:15, 299.00, 74.69, 43.94
44.231956, -76.613517, 485, 17:34:17, 298.75, 74.50, 43.94
44.231956, -76.613517, 486, 17:34:19, 298.00, 74.62, 43.94
44.231956, -76.613517, 487, 17:34:21, 297.00, 74.06, 44.00
44.231956, -76.613517, 488, 17:34:23, 297.75, 74.37, 44.00
44.231956, -76.613517, 489, 17:34:25, 297.75, 74.56, 44.00
44.231956, -76.613517, 490, 17:34:27, 297.75, 74.19, 44.00
44.231956, -76.613517, 491, 17:34:29, 296.00, 74.44, 44.00
44.231956, -76.613517, 492, 17:34:31, 296.50, 74.00, 44.06
44.231952, -76.613517, 493, 17:34:33, 297.00, 74.19, 44.00
44.231952, -76.613517, 494, 17:34:35, 296.50, 74.12, 44.06
44.231952, -76.613517, 495, 17:34:37, 296.00, 74.44, 44.06
44.231952, -76.613517, 496, 17:34:39, 298.25, 74.81, 44.00
44.231952, -76.613517, 497, 17:34:41, 299.75, 75.06, 43.88
44.231956, -76.613525, 498, 17:34:43, 299.50, 74.94, 43.94
44.231956, -76.613525, 499, 17:34:45, 298.75, 74.69, 43.94
44.231956, -76.613525, 500, 17:34:47, 299.25, 74.81, 43.88
44.231956, -76.613525, 501, 17:34:50, 300.25, 74.69, 43.88
44.231956, -76.613525, 502, 17:34:52, 298.75, 74.81, 43.88
44.231956, -76.613525, 503, 17:34:54, 298.50, 74.87, 43.81
44.231956, -76.613525, 504, 17:34:56, 299.00, 74.37, 43.88
44.231960, -76.613525, 505, 17:34:58, 297.00, 74.37, 43.88
44.231960, -76.613525, 506, 17:35:00, 297.00, 74.25, 43.88
44.231956, -76.613517, 507, 17:35:02, 296.50, 74.25, 43.88
44.231956, -76.613517, 508, 17:35:04, 297.50, 74.31, 43.88
44.231956, -76.613517, 509, 17:35:06, 295.75, 74.25, 43.94
44.231956, -76.613517, 510, 17:35:08, 296.00, 73.94, 43.94
44.231956, -76.613517, 511, 17:35:10, 297.00, 74.12, 43.94
44.231956, -76.613517, 512, 17:35:12, 297.75, 74.44, 43.88
44.231956, -76.613517, 513, 17:35:14, 297.75, 74.19, 43.94
44.231956, -76.613517, 514, 17:35:16, 297.25, 74.25, 43.94
44.231956, -76.613517, 515, 17:35:18, 306.25, 76.31, 44.00
44.231956, -76.613517, 516, 17:35:20, 305.75, 75.56, 44.00
44.231956, -76.613517, 517, 17:35:22, 301.25, 74.69, 44.00
44.231956, -76.613517, 518, 17:35:24, 293.75, 73.94, 43.94
44.231960, -76.613510, 519, 17:35:26, 295.25, 73.50, 43.88
44.231960, -76.613510, 520, 17:35:28, 292.75, 73.25, 43.75
44.231960, -76.613517, 521, 17:35:30, 292.25, 72.69, 43.63
44.231960, -76.613517, 522, 17:35:33, 299.00, 75.31, 43.50
44.231960, -76.613517, 523, 17:35:35, 297.00, 76.44, 43.44
44.231960, -76.613517, 524, 17:35:37, 302.25, 71.87, 43.44
44.231964, -76.613517, 525, 17:35:39, 287.25, 72.69, 43.38
44.231964, -76.613517, 526, 17:35:41, 291.75, 72.87, 43.25
44.231964, -76.613517, 527, 17:35:43, 292.50, 73.00, 43.19
44.231967, -76.613517, 528, 17:35:45, 291.50, 72.87, 43.00
44.231967, -76.613525, 529, 17:35:47, 290.50, 72.75, 42.88
44.231967, -76.613525, 530, 17:35:49, 289.50, 72.25, 42.75
44.231967, -76.613525, 531, 17:35:51, 289.50, 72.00, 42.63
44.231967, -76.613525, 532, 17:35:53, 288.00, 71.81, 42.50
44.231967, -76.613517, 533, 17:35:55, 288.00, 71.75, 42.38
44.231967, -76.613517, 534, 17:35:57, 287.50, 72.12, 42.25
44.231967, -76.613517, 535, 17:35:59, 286.75, 71.87, 42.13
44.231967, -76.613517, 536, 17:36:01, 287.25, 71.87, 42.06
44.231967, -76.613517, 537, 17:36:03, 287.50, 71.94, 41.94
44.231967, -76.613517, 538, 17:36:05, 288.00, 72.00, 41.88
44.231967, -76.613517, 539, 17:36:07, 288.25, 72.31, 41.75
44.231967, -76.613517, 540, 17:36:09, 288.25, 72.37, 41.63
44.231967, -76.613517, 541, 17:36:11, 288.50, 71.87, 41.56
44.231967, -76.613517, 542, 17:36:13, 289.50, 72.31, 41.44
44.231967, -76.613517, 543, 17:36:15, 289.50, 72.50, 41.31
44.231967, -76.613517, 544, 17:36:18, 290.00, 72.25, 41.25
44.231964, -76.613517, 545, 17:36:20, 293.25, 73.25, 41.13
44.231964, -76.613517, 546, 17:36:22, 293.50, 73.31, 41.00
44.231964, -76.613517, 547, 17:36:24, 293.00, 73.37, 40.94
44.231964, -76.613517, 548, 17:36:26, 294.25, 73.50, 40.81
44.231960, -76.613517, 549, 17:36:28, 294.00, 73.56, 40.75
44.231960, -76.613517, 550, 17:36:30, 292.75, 73.12, 40.69
44.231960, -76.613517, 551, 17:36:32, 291.75, 72.75, 40.63
44.231960, -76.613517, 552, 17:36:34, 291.00, 72.94, 40.56
44.231960, -76.613517, 553, 17:36:36, 292.50, 73.31, 40.50
44.231960, -76.613517, 554, 17:36:38, 293.75, 73.37, 40.44
44.231960, -76.613517, 555, 17:36:40, 294.25, 73.56, 40.38
44.231960, -76.613517, 556, 17:36:42, 293.00, 73.56, 40.25
44.231960, -76.613517, 557, 17:36:44, 294.50, 73.75, 40.19
44.231960, -76.613517, 558, 17:36:46, 294.00, 73.12, 40.13
44.231960, -76.613517, 559, 17:36:48, 293.00, 73.12, 40.06
44.231960, -76.613517, 560, 17:36:50, 291.75, 72.81, 40.00
44.231960, -76.613517, 561, 17:36:52, 292.75, 72.94, 39.94
44.231960, -76.613517, 562, 17:36:54, 291.75, 73.12, 39.88
44.231960, -76.613517, 563, 17:36:56, 293.00, 73.44, 39.81
44.231960, -76.613510, 564, 17:36:59, 293.50, 73.62, 39.75
44.231960, -76.613510, 565, 17:37:01, 294.50, 73.87, 39.69
44.231960, -76.613517, 566, 17:37:03, 296.75, 74.00, 39.63
44.231960, -76.613517, 567, 17:37:05, 296.50, 74.25, 39.56
44.231960, -76.613517, 568, 17:37:07, 296.50, 74.12, 39.50
44.231960, -76.613517, 569, 17:37:09, 296.50, 74.50, 39.38
44.231960, -76.613517, 570, 17:37:11, 298.75, 74.50, 39.31
44.231960, -76.613517, 571, 17:37:13, 297.00, 74.56, 39.25
44.231960, -76.613517, 572, 17:37:15, 298.25, 74.69, 39.19
44.231964, -76.613517, 573, 17:37:17, 298.25, 74.87, 39.13
44.231964, -76.613517, 574, 17:37:19, 297.00, 74.19, 39.06
44.231964, -76.613517, 575, 17:37:21, 296.50, 74.06, 39.00
44.231964, -76.613517, 576, 17:37:23, 296.00, 74.31, 39.00
44.231964, -76.613517, 577, 17:37:25, 303.25, 75.25, 39.00
44.231964, -76.613517, 578, 17:37:27, 301.25, 75.31, 39.13
44.231967, -76.613517, 579, 17:37:29, 300.25, 75.25, 39.19
44.231967, -76.613517, 580, 17:37:31, 300.75, 75.19, 39.31
44.231967, -76.613517, 581, 17:37:33, 300.50, 75.19, 39.44
44.231967, -76.613517, 582, 17:37:35, 300.25, 75.06, 39.50
44.231967, -76.613510, 583, 17:37:37, 300.75, 75.06, 39.56
44.231967, -76.613510, 584, 17:37:39, 299.25, 74.56, 39.69
44.231967, -76.613510, 585, 17:37:42, 297.25, 74.25, 39.81
44.231967, -76.613510, 586, 17:37:44, 297.50, 74.31, 39.94
44.231971, -76.613510, 587, 17:37:46, 297.50, 74.37, 40.00
44.231971, -76.613517, 588, 17:37:48, 297.00, 75.06, 40.13
44.231971, -76.613517, 589, 17:37:50, 299.00, 74.94, 40.19
44.231971, -76.613517, 590, 17:37:52, 300.00, 75.06, 40.25
44.231971, -76.613517, 591, 17:37:54, 300.25, 74.69, 40.38
44.231971, -76.613517, 592, 17:37:56, 298.75, 74.44, 40.50
44.231971, -76.613517, 593, 17:37:58, 297.25, 74.44, 40.56
44.231971, -76.613517, 594, 17:38:00, 297.75, 74.56, 40.69
44.231971, -76.613517, 595, 17:38:02, 297.25, 74.25, 40.75
44.231971, -76.613517, 596, 17:38:04, 299.25, 74.25, 40.81
44.231971, -76.613517, 597, 17:38:06, 296.50, 74.31, 40.94
44.231971, -76.613517, 598, 17:38:08, 296.75, 73.75, 41.00
44.231971, -76.613525, 599, 17:38:10, 295.75, 73.81, 41.06
44.231971, -76.613525, 600, 17:38:12, 295.50, 74.00, 41.13
44.231971, -76.613525, 601, 17:38:14, 295.00, 73.87, 41.13
44.231971, -76.613525, 602, 17:38:16, 295.00, 73.62, 41.19
44.231971, -76.613525, 603, 17:38:18, 294.00, 73.50, 41.25
44.231971, -76.613517, 604, 17:38:20, 294.00, 73.06, 41.31
44.231975, -76.613525, 605, 17:38:23, 293.50, 73.37, 41.38
44.231975, -76.613525, 606, 17:38:25, 294.00, 73.44, 41.44
44.231975, -76.613525, 607, 17:38:27, 293.50, 73.12, 41.44
44.231975, -76.613525, 608, 17:38:29, 293.50, 73.50, 41.50
44.231975, -76.613525, 609, 17:38:31, 295.50, 73.50, 41.56
44.231975, -76.613525, 610, 17:38:33, 295.25, 73.75, 41.56
44.231975, -76.613517, 611, 17:38:35, 295.25, 73.94, 41.56
44.231975, -76.613517, 612, 17:38:37, 295.25, 73.75, 41.63
44.231975, -76.613517, 613, 17:38:39, 294.25, 73.19, 41.75
44.231971, -76.613517, 614, 17:38:41, 293.00, 73.44, 41.75
44.231971, -76.613517, 615, 17:38:43, 292.75, 73.50, 41.81
44.231971, -76.613517, 616, 17:38:45, 293.00, 73.37, 41.81
44.231967, -76.613517, 617, 17:38:47, 293.25, 73.62, 41.81
44.231967, -76.613517, 618, 17:38:49, 294.00, 73.37, 41.81
44.231967, -76.613517, 619, 17:38:51, 293.50, 73.25, 41.88
44.231967, -76.613517, 620, 17:38:53, 292.25, 73.25, 41.94
44.231967, -76.613517, 621, 17:38:55, 293.00, 73.25, 42.00
44.231967, -76.613517, 622, 17:38:57, 292.75, 73.06, 42.06
44.231967, -76.613517, 623, 17:38:59, 293.00, 73.31, 42.13
44.231967, -76.613517, 624, 17:39:01, 293.75, 72.94, 42.19
44.231967, -76.613517, 625, 17:39:03, 292.50, 73.06, 42.19
44.231967, -76.613517, 626, 17:39:06, 293.50, 73.19, 42.19
44.231967, -76.613517, 627, 17:39:08, 293.50, 72.94, 42.25
44.231967, -76.613517, 628, 17:39:10, 291.50, 72.94, 42.31
44.231967, -76.613517, 629, 17:39:12, 291.75, 73.19, 42.31
44.231967, -76.613517, 630, 17:39:14, 291.75, 72.81, 42.38
44.231967, -76.613517, 631, 17:39:16, 291.75, 72.62, 42.38
44.231964, -76.613510, 632, 17:39:18, 291.75, 72.50, 42.44
44.231964, -76.613510, 633, 17:39:20, 291.50, 72.87, 42.50
44.231964, -76.613510, 634, 17:39:22, 292.50, 73.12, 42.50
44.231964, -76.613510, 635, 17:39:24, 292.50, 73.31, 42.56
44.231964, -76.613510, 636, 17:39:26, 293.00, 73.12, 42.56
44.231964, -76.613510, 637, 17:39:28, 293.00, 73.25, 42.63
44.231964, -76.613510, 638, 17:39:30, 292.75, 72.94, 42.63
44.231964, -76.613510, 639, 17:39:32, 293.00, 73.25, 42.69
44.231964, -76.613510, 640, 17:39:34, 292.50, 73.37, 42.75
44.231964, -76.613510, 641, 17:39:36, 293.75, 73.62, 42.75
44.231964, -76.613510, 642, 17:39:38, 294.50, 73.81, 42.75
44.231960, -76.613510, 643, 17:39:40, 293.50, 73.44, 42.75
44.231960, -76.613510, 644, 17:39:42, 294.00, 73.75, 42.75
44.231960, -76.613510, 645, 17:39:44, 293.75, 73.37, 42.81
44.231960, -76.613510, 646, 17:39:46, 294.50, 73.50, 42.88
44.231960, -76.613510, 647, 17:39:48, 292.50, 72.69, 42.88
44.231960, -76.613510, 648, 17:39:51, 290.50, 72.37, 42.81
44.231960, -76.613510, 649, 17:39:53, 288.50, 72.31, 42.69
44.231960, -76.613517, 650, 17:39:55, 288.25, 71.50, 42.56
44.231960, -76.613517, 651, 17:39:57, 287.00, 71.56, 42.44
44.231960, -76.613517, 652, 17:39:59, 287.25, 71.62, 42.38
44.231964, -76.613517, 653, 17:40:01, 286.50, 71.75, 42.31
44.231964, -76.613517, 654, 17:40:03, 286.50, 71.75, 42.25
44.231964, -76.613525, 655, 17:40:05, 288.00, 71.62, 42.25
44.231964, -76.613525, 656, 17:40:07, 287.50, 71.75, 42.19
44.231964, -76.613517, 657, 17:40:09, 288.25, 71.81, 42.13
44.231960, -76.613517, 658, 17:40:11, 289.00, 72.12, 42.06
44.231960, -76.613517, 659, 17:40:13, 289.00, 71.87, 42.00
44.231960, -76.613517, 660, 17:40:15, 287.75, 71.75, 41.94
44.231960, -76.613517, 661, 17:40:17, 287.00, 72.00, 41.88
44.231956, -76.613510, 662, 17:40:19, 287.50, 71.87, 41.88
44.231956, -76.613510, 663, 17:40:21, 288.50, 72.25, 41.81
44.231956, -76.613510, 664, 17:40:23, 289.75, 72.00, 41.75
44.231956, -76.613510, 665, 17:40:25, 287.75, 71.87, 41.75
44.231956, -76.613510, 666, 17:40:27, 287.75, 72.12, 41.69
44.231956, -76.613510, 667, 17:40:29, 289.00, 71.62, 41.69
44.231956, -76.613510, 668, 17:40:31, 287.25, 71.81, 41.63
44.231956, -76.613510, 669, 17:40:34, 287.00, 71.94, 41.56
44.231956, -76.613510, 670, 17:40:36, 288.50, 72.00, 41.50
44.231956, -76.613510, 671, 17:40:38, 288.00, 72.37, 41.44
44.231960, -76.613510, 672, 17:40:40, 288.50, 72.19, 41.44
44.231960, -76.613510, 673, 17:40:42, 289.00, 72.56, 41.38
44.231960, -76.613517, 674, 17:40:44, 290.50, 72.69, 41.31
44.231960, -76.613517, 675, 17:40:46, 293.25, 73.12, 41.25
44.231960, -76.613517, 676, 17:40:48, 292.50, 72.81, 41.19
44.231964, -76.613517, 677, 17:40:50, 291.00, 72.75, 41.19
44.231964, -76.613517, 678, 17:40:52, 289.50, 72.62, 41.13
44.231964, -76.613517, 679, 17:40:54, 292.50, 73.19, 41.00
44.231964, -76.613525, 680, 17:40:56, 292.50, 72.81, 41.00
44.231964, -76.613525, 681, 17:40:58, 292.50, 73.12, 40.94
44.231964, -76.613525, 682, 17:41:00, 293.50, 73.19, 40.88
44.231964, -76.613525, 683, 17:41:02, 294.00, 73.37, 40.88
44.231964, -76.613525, 684, 17:41:04, 293.50, 73.00, 40.81
44.231964, -76.613525, 685, 17:41:06, 293.25, 73.12, 40.75
44.231964, -76.613525, 686, 17:41:08, 291.75, 73.44, 40.75
44.231964, -76.613517, 687, 17:41:10, 292.75, 73.19, 40.69
44.231964, -76.613517, 688, 17:41:12, 293.00, 73.06, 40.69
44.231964, -76.613517, 689, 17:41:15, 292.50, 73.56, 40.63
44.231964, -76.613517, 690, 17:41:17, 293.00, 73.25, 40.56
44.231964, -76.613517, 691, 17:41:19, 293.50, 73.25, 40.50
44.231964, -76.613510, 692, 17:41:21, 293.75, 73.37, 40.44
44.231964, -76.613510, 693, 17:41:23, 295.50, 75.50, 40.38
44.231964, -76.613517, 694, 17:41:25, 294.50, 73.56, 40.38
44.231967, -76.613517, 695, 17:41:27, 291.50, 73.12, 40.31
44.231964, -76.613517, 696, 17:41:29, 289.75, 72.37, 40.25
44.231964, -76.613517, 697, 17:41:31, 287.50, 71.75, 40.19
44.231964, -76.613517, 698, 17:41:33, 286.50, 71.81, 40.06
44.231964, -76.613517, 699, 17:41:35, 287.50, 72.00, 39.94
44.231964, -76.613517, 700, 17:41:37, 287.75, 72.25, 39.81
44.231964, -76.613517, 701, 17:41:39, 289.50, 72.50, 39.75
44.231964, -76.613517, 702, 17:41:41, 289.50, 72.56, 39.63
44.231964, -76.613517, 703, 17:41:43, 290.75, 72.69, 39.56
44.231964, -76.613517, 704, 17:41:45, 292.00, 72.94, 39.50
44.231960, -76.613517, 705, 17:41:47, 294.00, 73.44, 39.31
44.231960, -76.613517, 706, 17:41:49, 295.00, 74.00, 39.13
44.231960, -76.613517, 707, 17:41:51, 294.00, 73.50, 39.06
44.231960, -76.613517, 708, 17:41:53, 294.75, 73.50, 39.00
44.231960, -76.613517, 709, 17:41:55, 294.00, 73.62, 38.94
44.231960, -76.613517, 710, 17:41:58, 293.50, 73.37, 38.88
44.231960, -76.613517, 711, 17:42:00, 293.25, 73.50, 38.75
44.231960, -76.613517, 712, 17:42:02, 293.00, 73.25, 38.69
44.231960, -76.613510, 713, 17:42:04, 293.00, 72.87, 38.63
44.231956, -76.613510, 714, 17:42:06, 291.50, 72.37, 38.56
44.231956, -76.613510, 715, 17:42:08, 290.00, 72.31, 38.50
44.231956, -76.613510, 716, 17:42:10, 288.50, 71.87, 38.38
44.231960, -76.613510, 717, 17:42:12, 287.00, 72.00, 38.31
44.231960, -76.613510, 718, 17:42:14, 286.75, 72.06, 38.25
44.231964, -76.613510, 719, 17:42:16, 288.00, 72.00, 38.19
44.231964, -76.613510, 720, 17:42:18, 289.00, 72.12, 38.06
44.231964, -76.613510, 721, 17:42:20, 289.25, 72.37, 38.00
44.231964, -76.613510, 722, 17:42:22, 289.50, 72.69, 37.94
44.231964, -76.613510, 723, 17:42:24, 290.50, 72.69, 37.88
44.231964, -76.613510, 724, 17:42:26, 290.50, 72.50, 37.81
44.231964, -76.613510, 725, 17:42:28, 290.25, 72.37, 37.75
44.231964, -76.613510, 726, 17:42:30, 290.00, 72.56, 37.69
44.231964, -76.613510, 727, 17:42:32, 290.00, 72.37, 37.63
44.231967, -76.613517, 728, 17:42:34, 289.50, 72.25, 37.56
44.231967, -76.613517, 729, 17:42:36, 288.25, 72.25, 37.50
44.231967, -76.613517, 730, 17:42:38, 289.25, 72.50, 37.44
44.231971, -76.613525, 731, 17:42:41, 293.75, 73.44, 37.38
44.231967, -76.613517, 732, 17:42:43, 294.00, 73.81, 37.44
44.231967, -76.613517, 733, 17:42:45, 295.00, 73.87, 37.50
44.231964, -76.613517, 734, 17:42:47, 295.50, 73.87, 37.63
44.231964, -76.613517, 735, 17:42:49, 295.00, 72.69, 37.69
44.231964, -76.613517, 736, 17:42:51, 291.75, 72.75, 37.75
44.231964, -76.613510, 737, 17:42:53, 290.50, 72.75, 37.69
44.231960, -76.613510, 738, 17:42:55, 290.00, 72.94, 37.63
44.231960, -76.613510, 739, 17:42:57, 290.50, 72.62, 37.63
44.231960, -76.613510, 740, 17:42:59, 290.00, 72.50, 37.56
44.231960, -76.613510, 741, 17:43:01, 289.75, 72.62, 37.50
44.231960, -76.613510, 742, 17:43:03, 289.75, 72.31, 37.44
44.231960, -76.613510, 743, 17:43:05, 291.25, 72.69, 37.38
44.231960, -76.613510, 744, 17:43:07, 291.00, 72.81, 37.31
44.231956, -76.613510, 745, 17:43:09, 291.75, 72.81, 37.25
44.231956, -76.613510, 746, 17:43:11, 291.75, 72.75, 37.19
44.231956, -76.613510, 747, 17:43:13, 292.75, 73.12, 37.13
44.231960, -76.613510, 748, 17:43:15, 294.50, 73.50, 37.06
44.231956, -76.613517, 749, 17:43:17, 301.25, 75.75, 37.06
44.231952, -76.613517, 750, 17:43:19, 302.50, 75.81, 37.19
44.231945, -76.613517, 751, 17:43:22, 304.50, 75.69, 37.25
44.231937, -76.613525, 752, 17:43:24, 300.75, 75.56, 37.31
44.231933, -76.613525, 753, 17:43:26, 297.75, 76.06, 37.38
44.231933, -76.613525, 754, 17:43:28, 303.00, 76.75, 37.50
44.231929, -76.613533, 755, 17:43:30, 303.00, 77.25, 37.56
44.231925, -76.613525, 756, 17:43:32, 307.00, 77.25, 37.50
44.231925, -76.613525, 757, 17:43:34, 308.25, 77.56, 37.50
44.231925, -76.613525, 758, 17:43:36, 307.75, 76.81, 37.50
44.231925, -76.613517, 759, 17:43:38, 302.25, 74.94, 37.63
44.231925, -76.613517, 760, 17:43:40, 298.25, 75.00, 37.81
44.231925, -76.613517, 761, 17:43:42, 301.50, 73.87, 38.00
44.231929, -76.613517, 762, 17:43:44, 298.75, 74.87, 38.13
44.231929, -76.613517, 763, 17:43:46, 301.25, 73.50, 38.31
44.231929, -76.613517, 764, 17:43:48, 301.75, 71.94, 38.38
44.231933, -76.613517, 765, 17:43:50, 287.25, 76.50, 38.38
44.231933, -76.613517, 766, 17:43:52, 306.00, 77.31, 38.44
44.231937, -76.613525, 767, 17:43:54, 298.25, 74.31, 38.44
44.231937, -76.613525, 768, 17:43:56, 296.50, 73.75, 38.50
44.231933, -76.613533, 769, 17:43:58, 300.50, 75.94, 38.44
44.231933, -76.613533, 770, 17:44:00, 305.75, 76.81, 38.50
44.231925, -76.613540, 771, 17:44:03, 302.50, 74.44, 38.56
44.231922, -76.613540, 772, 17:44:05, 305.00, 76.94, 38.56
44.231922, -76.613548, 773, 17:44:07, 308.75, 77.81, 38.63
44.231918, -76.613548, 774, 17:44:09, 309.75, 77.69, 38.75
44.231918, -76.613548, 775, 17:44:11, 310.75, 77.62, 38.81
44.231918, -76.613548, 776, 17:44:13, 309.50, 77.25, 38.88
44.231914, -76.613548, 777, 17:44:15, 311.00, 77.37, 38.88
44.231914, -76.613548, 778, 17:44:17, 307.75, 77.06, 39.00
44.231910, -76.613548, 779, 17:44:19, 307.75, 77.25, 39.06
44.231906, -76.613548, 780, 17:44:21, 309.00, 77.25, 39.19
44.231903, -76.613548, 781, 17:44:23, 310.50, 77.69, 39.25
44.231899, -76.613548, 782, 17:44:25, 308.75, 76.81, 39.31
44.231895, -76.613548, 783, 17:44:27, 306.75, 76.81, 39.38
44.231891, -76.613548, 784, 17:44:29, 307.00, 76.12, 39.44
44.231887, -76.613555, 785, 17:44:31, 303.50, 76.56, 39.50
44.231884, -76.613555, 786, 17:44:33, 309.50, 76.19, 39.50
44.231880, -76.613555, 787, 17:44:35, 309.25, 76.69, 39.50
44.231876, -76.613555, 788, 17:44:37, 306.50, 76.06, 39.63
44.231876, -76.613555, 789, 17:44:39, 304.75, 76.44, 39.63
44.231872, -76.613555, 790, 17:44:41, 304.75, 76.31, 39.69
44.231868, -76.613555, 791, 17:44:43, 304.25, 75.62, 39.75
44.231864, -76.613555, 792, 17:44:46, 303.75, 75.69, 39.81
44.231861, -76.613555, 793, 17:44:48, 305.00, 75.87, 39.88
44.231861, -76.613555, 794, 17:44:50, 301.75, 76.50, 39.88
44.231857, -76.613555, 795, 17:44:52, 303.50, 73.37, 39.94
44.231857, -76.613555, 796, 17:44:54, 293.00, 75.44, 39.94
44.231853, -76.613563, 797, 17:44:56, 304.75, 76.69, 40.00
44.231849, -76.613563, 798, 17:44:58, 304.25, 76.19, 40.00
44.231849, -76.613555, 799, 17:45:00, 307.75, 76.12, 40.00
44.231845, -76.613555, 800, 17:45:02, 304.25, 75.56, 40.00
44.231842, -76.613563, 801, 17:45:04, 293.00, 75.37, 40.06
44.231838, -76.613563, 802, 17:45:06, 300.25, 75.69, 40.06
44.231838, -76.613563, 803, 17:45:08, 301.75, 76.00, 40.13
44.231838, -76.613571, 804, 17:45:10, 306.00, 76.87, 40.13
44.231834, -76.613563, 805, 17:45:12, 306.25, 76.69, 40.19
44.231834, -76.613563, 806, 17:45:14, 307.50, 77.06, 40.19
44.231830, -76.613563, 807, 17:45:16, 305.75, 77.19, 40.13
44.231826, -76.613563, 808, 17:45:18, 310.00, 77.31, 40.00
44.231826, -76.613563, 809, 17:45:20, 309.50, 76.81, 39.81
44.231822, -76.613563, 810, 17:45:22, 308.00, 77.81, 39.88
44.231822, -76.613555, 811, 17:45:24, 306.50, 76.94, 39.75
44.231819, -76.613555, 812, 17:45:27, 307.75, 76.94, 39.63
44.231815, -76.613555, 813, 17:45:29, 309.25, 76.56, 39.75
44.231811, -76.613555, 814, 17:45:31, 305.50, 76.31, 39.88
44.231811, -76.613555, 815, 17:45:33, 304.25, 76.31, 39.88
44.231807, -76.613548, 816, 17:45:35, 307.25, 76.19, 39.94
44.231807, -76.613548, 817, 17:45:37, 303.75, 76.94, 39.88
44.231803, -76.613548, 818, 17:45:39, 304.75, 77.06, 39.75
44.231803, -76.613548, 819, 17:45:41, 305.25, 76.81, 39.81
44.231800, -76.613548, 820, 17:45:43, 306.75, 76.69, 39.81
44.231796, -76.613548, 821, 17:45:45, 304.75, 76.56, 40.00
44.231796, -76.613548, 822, 17:45:47, 304.50, 76.94, 40.06
44.231792, -76.613548, 823, 17:45:49, 307.75, 76.87, 40.19
44.231792, -76.613548, 824, 17:45:51, 307.00, 76.62, 40.25
44.231788, -76.613540, 825, 17:45:53, 305.75, 76.19, 40.31
44.231788, -76.613540, 826, 17:45:55, 306.75, 76.62, 40.44
44.231784, -76.613540, 827, 17:45:57, 307.25, 75.87, 40.50
44.231784, -76.613540, 828, 17:45:59, 306.75, 76.19, 40.44
44.231781, -76.613540, 829, 17:46:01, 307.50, 77.19, 40.31
44.231781, -76.613540, 830, 17:46:03, 305.00, 76.56, 40.38
44.231777, -76.613540, 831, 17:46:05, 307.75, 76.06, 40.50
44.231777, -76.613540, 832, 17:46:07, 305.25, 76.19, 40.63
44.231773, -76.613540, 833, 17:46:09, 307.00, 76.69, 40.63
44.231769, -76.613540, 834, 17:46:12, 307.00, 77.12, 40.56
44.231769, -76.613540, 835, 17:46:14, 307.25, 76.94, 40.63
44.231769, -76.613533, 836, 17:46:16, 307.50, 76.69, 40.69
44.231769, -76.613533, 837, 17:46:18, 306.75, 76.94, 40.75
44.231765, -76.613533, 838, 17:46:20, 306.00, 76.81, 40.81
44.231761, -76.613533, 839, 17:46:22, 306.75, 77.31, 40.69
44.231761, -76.613533, 840, 17:46:24, 307.75, 77.37, 40.63
44.231758, -76.613533, 841, 17:46:26, 309.00, 77.81, 40.63
44.231754, -76.613533, 842, 17:46:28, 305.25, 76.56, 40.75
44.231754, -76.613533, 843, 17:46:30, 306.25, 76.87, 40.63
44.231750, -76.613533, 844, 17:46:32, 307.75, 76.44, 40.69
44.231746, -76.613533, 845, 17:46:34, 305.75, 76.50, 40.81
44.231746, -76.613533, 846, 17:46:36, 305.50, 76.37, 40.81
44.231742, -76.613533, 847, 17:46:38, 303.50, 75.75, 40.94
44.231742, -76.613533, 848, 17:46:40, 302.50, 75.69, 41.00
44.231739, -76.613525, 849, 17:46:42, 303.25, 75.75, 41.00
44.231735, -76.613525, 850, 17:46:44, 302.25, 76.12, 41.00
44.231735, -76.613525, 851, 17:46:46, 303.75, 76.69, 41.00
44.231731, -76.613525, 852, 17:46:48, 305.25, 75.94, 40.94
44.231731, -76.613525, 853, 17:46:50, 303.00, 75.69, 41.06
44.231727, -76.613525, 854, 17:46:53, 302.00, 75.75, 41.19
44.231727, -76.613517, 855, 17:46:55, 305.50, 76.12, 41.13
44.231723, -76.613517, 856, 17:46:57, 305.75, 76.94, 40.94
44.231719, -76.613517, 857, 17:46:59, 307.25, 76.56, 40.88
44.231719, -76.613517, 858, 17:47:01, 307.75, 76.31, 41.00
44.231716, -76.613517, 859, 17:47:03, 304.00, 75.56, 41.13
44.231716, -76.613517, 860, 17:47:05, 301.75, 74.94, 41.19
44.231712, -76.613517, 861, 17:47:07, 300.00, 75.19, 41.31
44.231708, -76.613517, 862, 17:47:09, 298.25, 74.25, 41.38
44.231704, -76.613525, 863, 17:47:11, 297.75, 74.44, 41.38
44.231700, -76.613525, 864, 17:47:13, 298.75, 74.69, 41.44
44.231697, -76.613525, 865, 17:47:15, 299.25, 74.56, 41.44
44.231693, -76.613525, 866, 17:47:17, 299.75, 75.06, 41.50
44.231689, -76.613533, 867, 17:47:19, 300.25, 75.19, 41.56
44.231685, -76.613533, 868, 17:47:21, 298.75, 74.81, 41.63
44.231685, -76.613533, 869, 17:47:23, 299.00, 74.56, 41.69
44.231678, -76.613540, 870, 17:47:25, 298.25, 74.50, 41.63
44.231674, -76.613540, 871, 17:47:27, 297.00, 74.44, 41.63
44.231674, -76.613540, 872, 17:47:29, 295.25, 74.31, 41.63
44.231670, -76.613548, 873, 17:47:31, 296.50, 73.81, 41.69
44.231666, -76.613548, 874, 17:47:33, 295.25, 74.00, 41.75
44.231662, -76.613548, 875, 17:47:36, 297.00, 74.31, 41.75
44.231658, -76.613555, 876, 17:47:38, 297.75, 74.69, 41.81
44.231655, -76.613555, 877, 17:47:40, 299.25, 74.69, 41.81
44.231655, -76.613555, 878, 17:47:42, 299.00, 75.06, 41.69
44.231651, -76.613563, 879, 17:47:44, 300.25, 74.94, 41.56
44.231647, -76.613563, 880, 17:47:46, 301.25, 74.87, 41.69
44.231647, -76.613563, 881, 17:47:48, 299.75, 74.44, 41.75
44.231643, -76.613563, 882, 17:47:50, 297.25, 74.50, 41.81
44.231639, -76.613563, 883, 17:47:52, 297.50, 74.75, 41.69
44.231639, -76.613563, 884, 17:47:54, 301.75, 75.12, 41.50
44.231636, -76.613571, 885, 17:47:56, 299.25, 75.19, 41.50
44.231632, -76.613571, 886, 17:47:58, 299.00, 74.94, 41.56
44.231632, -76.613571, 887, 17:48:00, 299.00, 74.81, 41.38
44.231636, -76.613571, 888, 17:48:02, 299.25, 74.56, 41.38
44.231636, -76.613571, 889, 17:48:04, 296.75, 74.69, 41.31
44.231639, -76.613571, 890, 17:48:06, 304.75, 76.00, 41.00
44.231639, -76.613571, 891, 17:48:08, 306.50, 76.06, 40.94
44.231643, -76.613578, 892, 17:48:10, 303.00, 74.87, 41.06
44.231643, -76.613578, 893, 17:48:12, 299.50, 75.12, 41.06
44.231643, -76.613578, 894, 17:48:14, 299.50, 74.44, 41.13
44.231643, -76.613578, 895, 17:48:16, 297.75, 74.25, 41.25
44.231639, -76.613578, 896, 17:48:19, 298.25, 74.12, 41.25
44.231636, -76.613578, 897, 17:48:21, 298.25, 74.12, 41.31
44.231636, -76.613578, 898, 17:48:23, 297.00, 74.12, 41.38
44.231632, -76.613578, 899, 17:48:25, 295.75, 74.31, 41.31
44.231628, -76.613578, 900, 17:48:27, 299.25, 74.69, 41.19
44.231628, -76.613571, 901, 17:48:29, 297.00, 73.94, 41.31
44.231632, -76.613571, 902, 17:48:31, 298.00, 74.37, 41.25
44.231632, -76.613571, 903, 17:48:33, 296.00, 73.87, 41.38
44.231636, -76.613571, 904, 17:48:35, 296.25, 74.25, 41.44
44.231639, -76.613571, 905, 17:48:37, 294.00, 70.81, 41.50
44.231639, -76.613571, 906, 17:48:39, 284.75, 71.25, 41.44
44.231643, -76.613571, 907, 17:48:41, 283.75, 71.19, 41.44
44.231643, -76.613563, 908, 17:48:43, 286.50, 71.75, 41.38
44.231643, -76.613563, 909, 17:48:45, 296.00, 74.44, 41.31
44.231643, -76.613563, 910, 17:48:47, 297.00, 74.37, 41.38
44.231643, -76.613563, 911, 17:48:49, 298.25, 74.44, 41.44
44.231639, -76.613563, 912, 17:48:51, 298.50, 74.62, 41.56
44.231639, -76.613563, 913, 17:48:53, 299.25, 74.69, 41.63
44.231639, -76.613563, 914, 17:48:55, 295.50, 70.81, 41.69
44.231639, -76.613563, 915, 17:48:57, 299.25, 75.00, 41.69
44.231636, -76.613563, 916, 17:48:59, 298.25, 75.00, 41.81
44.231636, -76.613563, 917, 17:49:01, 299.25, 74.94, 41.88
44.231636, -76.613563, 918, 17:49:04, 297.75, 74.56, 41.94
44.231636, -76.613571, 919, 17:49:06, 298.50, 74.81, 42.00
44.231636, -76.613578, 920, 17:49:08, 299.25, 74.25, 42.13
44.231632, -76.613586, 921, 17:49:10, 298.00, 74.81, 42.19
44.231632, -76.613586, 922, 17:49:12, 300.25, 74.50, 42.25
44.231632, -76.613594, 923, 17:49:14, 291.00, 72.12, 42.38
44.231628, -76.613601, 924, 17:49:16, 299.00, 75.19, 42.44
44.231628, -76.613601, 925, 17:49:18, 302.50, 75.31, 42.56
44.231628, -76.613609, 926, 17:49:20, 304.00, 75.31, 42.63
44.231628, -76.613609, 927, 17:49:22, 304.75, 76.19, 42.69
44.231628, -76.613616, 928, 17:49:24, 305.50, 76.69, 42.81
44.231628, -76.613616, 929, 17:49:26, 304.75, 75.69, 42.88
44.231632, -76.613624, 930, 17:49:28, 306.25, 76.06, 42.94
44.231628, -76.613624, 931, 17:49:30, 301.75, 76.50, 43.00
44.231628, -76.613632, 932, 17:49:32, 303.75, 75.81, 43.06
44.231624, -76.613639, 933, 17:49:34, 305.75, 76.81, 43.13
44.231624, -76.613639, 934, 17:49:36, 305.50, 76.06, 43.19
44.231620, -76.613647, 935, 17:49:38, 303.00, 75.87, 43.25
44.231620, -76.613655, 936, 17:49:40, 300.50, 75.87, 43.31
44.231620, -76.613655, 937, 17:49:42, 303.25, 75.69, 43.31
44.231620, -76.613662, 938, 17:49:44, 295.00, 74.25, 43.31
44.231616, -76.613670, 939, 17:49:47, 300.00, 75.56, 43.38
44.231616, -76.613670, 940, 17:49:49, 298.50, 73.56, 43.44
44.231616, -76.613677, 941, 17:49:51, 298.75, 75.37, 43.50
44.231613, -76.613677, 942, 17:49:53, 297.00, 73.12, 43.50
44.231613, -76.613685, 943, 17:49:55, 299.75, 75.31, 43.56
44.231609, -76.613693, 944, 17:49:57, 301.25, 75.69, 43.56
44.231605, -76.613700, 945, 17:49:59, 300.25, 75.12, 43.63
44.231605, -76.613708, 946, 17:50:01, 301.75, 74.25, 43.63
44.231605, -76.613716, 947, 17:50:03, 300.25, 73.81, 43.69
44.231605, -76.613716, 948, 17:50:05, 293.00, 72.37, 43.69
44.231601, -76.613723, 949, 17:50:07, 300.50, 73.44, 43.75
44.231601, -76.613723, 950, 17:50:09, 297.75, 75.12, 43.75
44.231601, -76.613731, 951, 17:50:11, 296.25, 75.31, 43.81
44.231597, -76.613739, 952, 17:50:13, 293.00, 75.87, 43.81
44.231597, -76.613746, 953, 17:50:15, 301.75, 75.50, 43.94
44.231597, -76.613746, 954, 17:50:17, 301.25, 73.12, 43.94
44.231597, -76.613754, 955, 17:50:19, 302.75, 75.56, 44.00
44.231597, -76.613761, 956, 17:50:21, 296.00, 72.94, 44.06
44.231597, -76.613761, 957, 17:50:23, 288.75, 72.37, 44.06
44.231594, -76.613769, 958, 17:50:25, 290.00, 75.25, 44.00
44.231594, -76.613769, 959, 17:50:27, 298.75, 72.94, 44.00
44.231590, -76.613777, 960, 17:50:29, 302.25, 75.44, 44.06
44.231590, -76.613784, 961, 17:50:32, 298.25, 74.12, 44.06
44.231590, -76.613792, 962, 17:50:34, 301.75, 75.31, 44.06
44.231590, -76.613792, 963, 17:50:36, 301.25, 74.44, 44.13
44.231586, -76.613800, 964, 17:50:38, 290.00, 72.69, 44.19
44.231582, -76.613800, 965, 17:50:40, 300.25, 75.44, 44.19
44.231582, -76.613807, 966, 17:50:42, 301.00, 75.31, 44.25
44.231582, -76.613815, 967, 17:50:44, 303.25, 75.06, 44.25
44.231582, -76.613822, 968, 17:50:46, 300.75, 75.56, 44.31
44.231582, -76.613830, 969, 17:50:48, 301.00, 75.50, 44.31
44.231582, -76.613830, 970, 17:50:50, 301.75, 75.50, 44.38
44.231582, -76.613838, 971, 17:50:52, 300.50, 75.31, 44.44
44.231582, -76.613838, 972, 17:50:54, 301.25, 74.50, 44.50
44.231578, -76.613845, 973, 17:50:56, 299.75, 75.50, 44.50
44.231578, -76.613845, 974, 17:50:58, 301.25, 75.25, 44.56
44.231578, -76.613853, 975, 17:51:00, 302.00, 75.06, 44.63
44.231582, -76.613853, 976, 17:51:02, 300.75, 75.06, 44.69
44.231582, -76.613861, 977, 17:51:04, 299.75, 74.81, 44.75
44.231578, -76.613868, 978, 17:51:06, 299.00, 74.69, 44.81
44.231578, -76.613876, 979, 17:51:08, 296.25, 74.56, 44.81
44.231578, -76.613876, 980, 17:51:10, 297.25, 74.25, 44.88
44.231578, -76.613883, 981, 17:51:13, 294.50, 74.00, 44.94
44.231578, -76.613891, 982, 17:51:15, 298.75, 71.62, 44.94
44.231578, -76.613891, 983, 17:51:17, 296.75, 72.19, 44.94
44.231575, -76.613899, 984, 17:51:19, 294.25, 74.31, 45.00
44.231575, -76.613906, 985, 17:51:21, 295.25, 74.31, 45.06
44.231575, -76.613906, 986, 17:51:23, 288.00, 74.69, 45.06
44.231578, -76.613914, 987, 17:51:25, 297.25, 74.31, 45.06
44.231578, -76.613922, 988, 17:51:27, 291.25, 74.56, 45.13
44.231578, -76.613929, 989, 17:51:29, 296.50, 74.06, 45.13
44.231578, -76.613937, 990, 17:51:31, 298.25, 74.31, 45.19
44.231578, -76.613945, 991, 17:51:33, 290.00, 74.19, 45.25
44.231578, -76.613945, 992, 17:51:35, 294.75, 74.56, 45.25
44.231578, -76.613952, 993, 17:51:37, 299.00, 73.06, 45.25
44.231578, -76.613960, 994, 17:51:39, 288.00, 74.50, 45.25
44.231578, -76.613967, 995, 17:51:41, 297.75, 74.31, 45.25
44.231578, -76.613967, 996, 17:51:43, 297.25, 74.37, 45.31
44.231578, -76.613967, 997, 17:51:45, 298.25, 74.69, 45.31
44.231578, -76.613967, 998, 17:51:47, 295.00, 73.69, 45.38
44.231578, -76.613967, 999, 17:51:49, 297.50, 74.75, 45.38
44.231578, -76.613975, 1000, 17:51:51, 299.25, 74.00, 45.44
44.231578, -76.613983, 1001, 17:51:53, 299.75, 74.94, 45.44
44.231578, -76.613983, 1002, 17:51:55, 300.00, 73.31, 45.50
44.231578, -76.613990, 1003, 17:51:57, 302.25, 76.06, 45.50
44.231578, -76.613998, 1004, 17:52:00, 300.25, 74.25, 45.56
44.231578, -76.614006, 1005, 17:52:02, 294.75, 73.25, 45.56
44.231575, -76.614013, 1006, 17:52:04, 305.25, 75.50, 45.56
44.231575, -76.614013, 1007, 17:52:06, 298.25, 76.00, 45.56
44.231575, -76.614021, 1008, 17:52:08, 303.50, 75.44, 45.56
44.231575, -76.614028, 1009, 17:52:10, 295.00, 74.94, 45.63
44.231575, -76.614028, 1010, 17:52:12, 303.50, 75.94, 45.69
44.231575, -76.614028, 1011, 17:52:14, 303.25, 71.37, 45.69
44.231575, -76.614028, 1012, 17:52:16, 283.50, 74.31, 45.56
44.231571, -76.614028, 1013, 17:52:18, 296.75, 73.75, 45.50
44.231571, -76.614028, 1014, 17:52:20, 295.75, 74.12, 45.31
44.231567, -76.614028, 1015, 17:52:22, 296.00, 74.12, 45.25
44.231571, -76.614036, 1016, 17:52:24, 297.00, 73.94, 45.25
44.231571, -76.614036, 1017, 17:52:26, 296.00, 74.06, 45.25
44.231571, -76.614036, 1018, 17:52:28, 295.50, 74.19, 45.25
44.231571, -76.614028, 1019, 17:52:30, 295.00, 73.87, 45.19
44.231571, -76.614028, 1020, 17:52:32, 298.25, 74.50, 44.94
44.231571, -76.614028, 1021, 17:52:34, 299.25, 75.62, 44.63
44.231571, -76.614028, 1022, 17:52:36, 300.75, 75.12, 44.69
44.231571, -76.614028, 1023, 17:52:38, 300.50, 74.81, 44.75
44.231571, -76.614028, 1024, 17:52:40, 300.75, 76.19, 44.25
44.231571, -76.614028, 1025, 17:52:43, 302.25, 75.12, 44.25
44.231571, -76.614036, 1026, 17:52:45, 299.25, 75.25, 44.13
44.231571, -76.614036, 1027, 17:52:47, 304.00, 74.94, 44.00
44.231567, -76.614036, 1028, 17:52:49, 298.75, 75.31, 44.06
44.231563, -76.614028, 1029, 17:52:51, 300.75, 75.44, 44.06
44.231559, -76.614028, 1030, 17:52:53, 301.00, 75.19, 44.00
44.231555, -76.614021, 1031, 17:52:55, 301.25, 75.75, 43.94
44.231555, -76.614021, 1032, 17:52:57, 302.25, 75.44, 43.69
44.231552, -76.614021, 1033, 17:52:59, 301.75, 75.69, 43.63
44.231548, -76.614013, 1034, 17:53:01, 303.25, 75.69, 43.63
44.231544, -76.614013, 1035, 17:53:03, 302.75, 75.62, 43.56
44.231540, -76.614006, 1036, 17:53:05, 303.50, 75.62, 43.44
44.231536, -76.614006, 1037, 17:53:07, 302.25, 75.12, 43.56
44.231533, -76.614006, 1038, 17:53:09, 300.75, 75.12, 43.63
44.231529, -76.613998, 1039, 17:53:11, 299.75, 74.87, 43.69
44.231525, -76.613998, 1040, 17:53:13, 300.50, 74.81, 43.69
44.231521, -76.613990, 1041, 17:53:15, 297.50, 74.75, 43.69
44.231521, -76.613990, 1042, 17:53:17, 283.25, 71.69, 43.63
44.231517, -76.613990, 1043, 17:53:19, 282.75, 70.37, 43.56
44.231513, -76.613990, 1044, 17:53:21, 282.25, 70.31, 43.38
44.231510, -76.613983, 1045, 17:53:23, 280.75, 69.69, 43.19
44.231506, -76.613983, 1046, 17:53:25, 279.50, 69.50, 42.94
44.231498, -76.613975, 1047, 17:53:28, 280.75, 69.25, 42.69
44.231491, -76.613967, 1048, 17:53:30, 276.75, 70.44, 42.50
44.231487, -76.613967, 1049, 17:53:32, 274.00, 68.50, 42.38
